NAME,A,PER,ECC,MASS,R,MSTAR,RSTAR,VSINI
#,au,day,,mjupiter,rjupiter,msun,rsun,km/s
Kepler-107d,0.0780099,7.958203,,0.00371234,0.095459,,1.411,
Kepler-427b,0.091351,10.290994,0,0.29,1.23,0.96,1.35,3
WASP-14b,0.0367693,2.243752,0.091,7.69234,1.281,1.31,1.31,4.9
Kepler-50b,0.0825598,7.8125124,,0.0164915,0.196096,1.23,1.88,
Kepler-20b,0.0453704,3.6961219,0,0.0266646,0.170247,0.912,0.944,
HAT-P-27b,0.0399488,3.039577,0,0.617485,1.02,0.92,0.87,0.6
Kepler-181b,0.0419466,3.137873,,0.00674351,0.113302,,0.749,
Kepler-207b,0.0269045,1.611865,,0.0117295,0.140066,,1.588,
HD219828b,0.0515012,3.8334999,0,0.0622185,,1.24,1.4682,2.9
WASP-21b,0.0521087,4.322482,0,0.300272,1.07,1.01,1.06,1.5
Kepler-186c,0.0574114,7.267302,0.03,0.00636705,0.111418,0.478,0.472,
Kepler-224d,0.0988375,11.349393,,0.0174811,0.205192,,0.676,
WASP-25b,0.0473714,3.764825,0,0.57847,1.22,1,0.92,3
Kepler-186d,0.0860831,13.342996,0.03,0.00934866,0.12479,0.478,0.472,
Kepler-211c,0.0649112,6.04045,,0.00711292,0.115086,,0.816,
Kepler-294c,0.0690438,6.6264,,0.0223552,0.24177,,0.976,
Kepler-349b,0.0641159,5.929778,,0.0139923,0.169507,,0.927,
Kepler-361b,0.081426,8.486616,,0.010538,0.12936,,1.343,
Kepler-372b,0.0705863,6.849692,,0.00850717,0.121331,,1.137,
Kepler-26d,0.0454914,3.543919,,0.00371234,0.095459,,0.571,
Kepler-159b,0.0916828,10.139623,,0.0183139,0.212329,,0.663,
HD156668b,0.0499846,4.6455,0,0.0130582,,0.772,0.728691,0.5
Kepler-32f,0.0130732,0.74296,0,0.00143611,0.0730903,0.54,0.53,
WASP-103b,0.0198682,0.925542,0,1.48791,1.528,1.22,1.436,10.6
Kepler-256c,0.0441473,3.38802,,0.0160511,0.19181,,1.301,
Kepler-62b,0.0552794,5.714932,0.0707107,0,0.116766,0.69,0.64,0.4
Kepler-238c,0.0657332,6.155557,,0.0184218,0.213222,,1.43,
Kepler-49c,0.07889,10.9129343,,0.0202381,0.227293,0.55,0.53,
WASP-19b,0.0163152,0.78884,0.0046,1.13339,1.386,0.93,0.99,4
Kepler-26b,0.0902469,12.282356,0,0.0397121,0.320884,0.65,0.59,1.9
Kepler-374c,0.0432285,3.282807,,0.00409374,0.0981354,,0.911,
Kepler-395b,0.0719854,7.054346,,0.00324127,0.0918904,,0.556,
Kepler-80e,0.0544864,4.645387,,0.0121773,0.146311,,0.637,
Kepler-83d,0.0585134,5.169796,,0.014298,0.173075,,0.594,
Kepler-167b,0.0524957,4.393147,,0.010538,0.12936,,0.696,
Kepler-337b,0.043316,3.292781,,0.0115417,0.13739,,1.761,
Kepler-226d,0.0789926,8.109044,,0.00587447,0.108841,,0.802,
Kepler-363c,0.0752686,7.542427,,0.0125062,0.150772,,1.485,
Kepler-24d,0.0513038,4.244384,,0.0123736,0.148987,,1.289,
Kepler-402c,0.0655142,6.124821,,0.0116666,0.139174,,1.264,
WASP-18b,0.0201401,0.9414529,0.00848,10.2006,1.267,1.22,1.216,11
CoRoT-6b,0.0854177,8.886593,0,2.95364,1.166,1.05,1.025,7.5
Kepler-203c,0.0600193,5.370647,,0.019315,0.220359,,1.114,
Kepler-202b,0.0498841,4.069427,,0.0121124,0.145419,,0.667,
KELT-2Ab,0.0549707,4.1137912,0,1.52064,1.286,1.308,1.828,9
Kepler-10b,0.0167573,0.837495,0,0.0142824,0.126327,0.895,1.056,0.5
Kepler-405b,0.0945195,10.613839,,0.015437,0.185565,,0.893,
Kepler-208b,0.0511769,4.22864,,0.0121124,0.145419,,1.314,
M67YBP1194b,0.0715732,6.958,0.24,0.346328,,1.01,1.01765,
HD40307c,0.0800702,9.62,0,0.0211468,,0.74,0.839223,
Kepler-257b,0.0349126,2.382667,,0.0210192,0.232849,,1.037,
WASP-10b,0.0384536,3.0927616,0.0507142,3.19144,1.08,0.79,0.698,3
WASP-17b,0.0499354,3.735433,0,0.508547,1.932,1.19,1.2,9
HAT-P-17b,0.0882385,10.338523,0.346,0.530158,1.01,0.857,0.837,0.3
Kepler-162b,0.0710671,6.919798,,0.00656354,0.11241,,0.958,
Kepler-424b,0.0436419,3.3118644,0.002,0.770225,0.89,1.01,0.94,0.5
WASP-75b,0.0375112,2.484193,0,1.07,1.27,1.14,1.26,4.3
Kepler-222b,0.0487958,3.936981,,0.0297967,0.281916,,0.869,
Kepler-334b,0.0607596,5.470319,,0.00436179,0.0999197,,1.068,
GJ581e,0.028459,3.14945,0.32,0.00613456,,0.31,0.299,
Kepler-327c,0.0588339,5.212333,,0.00324127,0.0918904,,0.492,
GJ674b,0.0386657,4.6938,0.2,0.034879,,0.35,,
Kepler-57c,0.0942979,11.6092567,,0.0115953,0.138158,0.83,0.73,
Kepler-172c,0.0673847,6.388996,,0.0245625,0.255152,,1.085,
WASP-70Ab,0.0485382,3.7130203,0,0.590076,1.164,1.106,1.215,1.8
WASP-57b,0.0386362,2.838971,0,0.675887,0.916,0.954,0.836,3.7
HAT-P-37b,0.0379273,2.79736,0.058,1.17362,1.178,0.929,0.877,3.07
Kepler-249b,0.0434366,3.306539,,0.00396389,0.0972433,,0.482,
Kepler-165b,0.0794582,8.180848,,0.0176845,0.206977,,0.77,
Kepler-28b,0.0581375,5.91213,0,0.0397121,0.320884,0.75,0.7,
HAT-P-32b,0.0342627,2.150008,0,0.861516,1.789,1.16,1.219,20.7
XO-3b,0.0477112,3.1915426,0.2884,13.2849,1.217,1.41,2.07898,18.31
Kepler-400b,0.0848304,9.024389,,0.0122424,0.147203,,1.145,
Kepler-113b,0.0502736,4.754,0,0.013404,0.16237,0.75,0.69,0.4
Kepler-335b,0.0685981,6.562331,,0.0346488,0.302436,,1.854,
WASP-16b,0.0417858,3.1186009,0,0.842294,1.008,1,0.946,3
Kepler-316b,0.0335097,2.240508,,0.00359062,0.0945669,,0.52,
HD125595b,0.0809437,9.6737,0,0.0416764,,0.756,1.03336,1.5
WASP-79b,0.0534741,3.6623817,0,0.887514,1.7,1.52,1.64,19.1
Kepler-107b,0.0423212,3.179997,,0.0116666,0.139174,,1.411,
WASP-42b,0.0547344,4.9816877,0,0.496968,1.063,0.881,0.85,2.7
Kepler-53d,0.0893308,9.751962,,0.0157841,0.189134,,0.958,
Kepler-48b,0.0532027,4.778,0,0.0123966,0.17133,0.88,0.89,0.5
HAT-P-41b,0.0425775,2.694047,0,0.800254,1.685,1.418,1.683,19.6
Kepler-42c,0.00585017,0.45328509,,0.000954523,0.0650682,0.13,0.17,1.65
Kepler-52b,0.0630945,7.8773565,,0.015593,0.187182,0.54,0.52,
OGLE-TR-10b,0.0434856,3.10129,0,0.62,1.25,1.14,1.17,3
Kepler-370b,0.0539702,4.57953,,0.011856,0.14185,,0.9,
HAT-P-2b,0.0679088,5.6334729,0.5171,8.87065,1.157,1.308,1.506,20.8
HAT-P-24b,0.0465021,3.35524,0.067,0.685857,1.242,1.191,1.317,10
tauBoob,0.0480039,3.312433,0.023,5.95,,1.341,1.41847,14.9809
Kepler-422b,0.0812822,7.8914483,0.016,1,1.15,1.15,1.24,
Kepler-318b,0.0546218,4.662715,,0.0733215,0.420198,,1.189,
Kepler-216b,0.0762713,7.693641,,0.0179955,0.209653,,1.26,
Kepler-292d,0.0719945,7.055679,,0.0167934,0.198947,,0.826,
Kepler-11b,0.0914497,10.3039,0.045,0.00597804,0.1604,0.961,1.065,0.4
Kepler-221c,0.0623799,5.690586,,0.0256819,0.261397,,0.821,
WASP-97b,0.0330527,2.07276,0,1.32,1.13,1.12,1.06,1.1
Kepler-7b,0.0622369,4.885525,0,0.437758,1.478,1.347,1.843,4.2
HIP91258b,0.0566534,5.0505,0.024,1.068,,0.95,1,3.5
WASP-24b,0.0365155,2.3412127,0,1.091,1.3,1.184,1.331,7
HAT-P-29b,0.0666842,5.723186,0.095,0.779004,1.107,1.207,1.224,3.9
HAT-P-11b,0.0525443,4.8878162,0.198,0.0825354,0.422,0.81,0.75,1.5
Kepler-406b,0.0361437,2.42629,0,0.0199792,0.127576,1.07,1.07,0.4
Kepler-171b,0.0506781,4.166972,,0.0178911,0.208761,,0.839,
Kepler-330b,0.0799685,8.25978,,0.00829825,0.120439,,0.722,
Kepler-229b,0.0664249,6.252972,,0.0165098,0.196271,,0.728,
Kepler-144c,0.0914719,10.104665,,0.00829825,0.120439,,1.235,
Kepler-94b,0.033677,2.50806,0,0.0341063,0.313113,0.81,0.76,0.5
Kepler-115c,0.0846204,8.990889,,0.0208911,0.231956,,1.205,
GJ667Cb,0.0504277,7.1999,0.15,0.0174951,,0.33,,
CoRoT-19b,0.0516604,3.89713,0.047,1.10792,1.29,1.21,1.65,6
Kepler-142b,0.0313162,2.024152,,0.014692,0.177536,,1.269,
Kepler-240c,0.0779794,7.953528,,0.0165098,0.196271,,0.739,
61Virb,0.05006,4.215,0.12,0.016075,,0.942,0.978547,2.2
Kepler-298b,0.0936962,10.475464,,0.014454,0.174859,,0.582,
HAT-P-4b,0.0443853,3.056536,0,0.671507,1.274,1.248,1.596,0
HAT-P-21b,0.0494951,4.124481,0.228,4.07833,1.024,0.947,1.105,3.5
Kepler-232c,0.0990113,11.379349,,0.0463015,0.34169,,0.968,
Kepler-346b,0.0682408,6.511127,,0.0216742,0.237309,,1.021,
alphaCenBb,0.0418506,3.2357,0,0.00354639,,0.934,0.91,1
WASP-45b,0.0405459,3.1260876,0,1.00657,1.16,0.909,0.945,2.3
Kepler-428b,0.0432987,3.52563254,0,1.27,1.08,0.87,0.8,2
Kepler-17b,0.0267923,1.4857108,0,2.47943,1.33,1.16,1.05,6
HAT-P-33b,0.0499317,3.474474,0,0.763256,1.686,1.375,1.637,13.7
Kepler-272c,0.0650321,6.057342,,0.0131908,0.159693,,0.929,
WASP-46b,0.0244921,1.43037,0,2.10232,1.31,0.956,0.917,1.9
Kepler-157b,0.028229,1.732342,,0.00769114,0.117763,,1.044,
WASP-84b,0.0771322,8.5234865,0,0.69431,0.942,0.842,0.748,4.1
Kepler-197c,0.0929448,10.349695,,0.00604207,0.109733,,1.12,
Kepler-163b,0.0770446,7.810937,,0.00347154,0.0936747,,0.917,
Kepler-191b,0.0904732,9.939632,,0.00809262,0.119547,,0.789,
Kepler-320b,0.0806883,8.371554,,0.00464108,0.101704,,1.108,
HAT-P-1b,0.0553326,4.4652934,0,0.532369,1.242,1.133,1.135,2.2
OGLE2-TR-L9b,0.0413279,2.4855335,0,4.57442,1.61,1.52,1.53,39.33
Kepler-54b,0.0626016,8.0109434,,0.015593,0.187182,0.51,0.5,
Kepler-137b,0.0811044,8.436387,,0.0110268,0.131145,,0.802,
Kepler-224c,0.0640814,5.925003,,0.0290307,0.278348,,0.676,
GJ3341b,0.0892579,14.207,0.31,0.0208212,,0.47,0.439,
WASP-22b,0.0468682,3.53269,0.023,0.559059,1.12,1.1,1.13,3.5
WASP-2b,0.0312729,2.1522254,0,0.908659,1.077,0.88,0.84,
Kepler-392b,0.0598046,5.341853,,0.00291583,0.089214,,1.129,
Kepler-247c,0.087412,9.439452,,0.0548224,0.364885,,0.768,
Kepler-271b,0.0588746,5.217738,,0.00192504,0.0794005,,0.88,
Kepler-190c,0.0473476,3.763024,,0.0107805,0.130252,,0.795,
WASP-34b,0.0520747,4.3176782,0.038,0.583354,1.22,1.01,0.93,1.4
Kepler-423b,0.038671,2.68432848,0.0102,1,1.2,1.07,0.99,
HAT-P-22b,0.0414094,3.21222,0.016,2.15137,1.08,0.916,1.04,0.5
WASP-28b,0.0446486,3.40883,0,0.907,1.213,1.021,1.094,3.25
Kepler-221b,0.0388408,2.795906,,0.0126401,0.152556,,0.821,
CoRoT-7b,0.0171898,0.85359163,0,0.014,0.143989,0.93,0.87,3.5
Kepler-178b,0.0882572,9.576694,,0.025195,0.258721,,1.066,
HATS-1b,0.0444708,3.446459,0.12,1.86507,1.302,0.986,1.038,2.52
Kepler-45b,0.0298817,2.455239,0.11,0.511499,0.96,0.59,0.55,
Kepler-68b,0.0617749,5.398763,0,0.026183,0.205901,1.079,1.243,0.5
Kepler-308b,0.0889821,9.694928,,0.0157841,0.189134,,0.941,
WASP-78b,0.0361391,2.17517656,0,0.883997,1.7,1.33,2.2,7.2
Kepler-319b,0.0522529,4.362705,,0.0121124,0.145419,,0.903,
Kepler-321b,0.0565776,4.915379,,0.0130508,0.157909,,1.194,
Kepler-402d,0.0841819,8.921099,,0.00893492,0.123115,,1.264,
Kepler-339d,0.0941898,10.558345,,0.00508144,0.10438,,0.802,
Kepler-407b,0.0149747,0.6693109,0,0,0.095459,1,0.1,2
TrES-3b,0.0227178,1.30619,0,1.91,1.336,0.915,0.812,1
Kepler-188b,0.0317043,2.061897,,0.0124398,0.14988,,1.141,
HIP14810b,0.0692271,6.673859,0.142483,3.87441,,0.99,1.31998,0.54
Kepler-444b,0.0419153,3.6001053,0.16,0.000134008,0.0367,0.758,0.752,
Kepler-304d,0.0887283,9.653471,,0.0229193,0.245339,,0.687,
Pr211b,0.0320419,2.1451,0,1.84394,,0.952,0.868,4.8
Kepler-203b,0.0421675,3.162697,,0.0205131,0.22928,,1.114,
Kepler-6b,0.0456089,3.234723,0,0.669376,1.323,1.209,1.391,3
Kepler-299b,0.0400468,2.927128,,0.00769114,0.117763,,1.032,
WASP-95b,0.0341288,2.184673,0,1.13,1.21,1.11,1.13,3.1
HD68988b,0.0692771,6.27711,0.1249,1.79992,,1.124,1.10962,2.83886
Kepler-84b,0.08295,8.726,,0.0172355,0.203,1,1.43,
HAT-P-26b,0.0478684,4.234516,0.124,0.0586489,0.565,0.816,0.788,1.8
Kepler-20e,0.063351,6.098493,0,0.00175601,0.0773688,0.912,0.944,0.4
HD149143b,0.0530508,4.072,0.016,1.32811,,1.2,1.71219,4
Kepler-269b,0.0596916,5.326718,,0.019315,0.220359,,0.959,
Kepler-248b,0.0668155,6.308205,,0.0272098,0.269426,,0.831,
BD-082823b,0.0558236,5.6,0.15,0.045941,,0.74,1.27853,1.4
Kepler-160b,0.0518266,4.309427,,0.0115417,0.13739,,0.884,
CoRoT-11b,0.0440549,2.99433,0,2.34813,1.43,1.27,1.37,40
Kepler-398b,0.0499821,4.081423,,0.00225059,0.082969,,0.613,
GJ436b,0.0287188,2.64385,0.16,0.0726979,0.3767,0.452,0.464,0
Kepler-142c,0.0553921,4.761702,,0.0245625,0.255152,,1.269,
Kepler-181c,0.0517683,4.302149,,0.014692,0.177536,,0.749,
Kepler-173c,0.0783205,8.005777,,0.0188614,0.21679,,0.949,
WASP-37b,0.0446312,3.577469,0,1.79362,1.16,0.925,1.003,2.4
Kepler-223c,0.0899174,9.848183,,0.0147725,0.178428,,1.017,
Kepler-322c,0.0520493,4.337234,,0.0123736,0.148987,,0.89,
HAT-P-40b,0.060845,4.457243,0,0.6202,1.73,1.512,2.206,6.9
Kepler-283b,0.0968462,11.008151,,0.0158724,0.190026,,0.566,
Kepler-314b,0.0356743,2.461069,,0.00150361,0.0740476,,0.95,
Kepler-188c,0.0645963,5.996553,,0.0303861,0.284593,,1.141,
Kepler-233b,0.0813349,8.472382,,0.0188614,0.21679,,0.758,
Kepler-118b,0.0751093,7.518496,,0.014454,0.174859,,1.094,
Kepler-195b,0.0802786,8.307872,,0.0150172,0.181104,,0.775,
Kepler-50c,0.0932375,9.3761368,,0.0234642,0.248685,1.23,1.88,
Kepler-115b,0.0351175,2.403679,,0.00396389,0.0972433,,1.205,
HD103774b,0.070273,5.8881,0.09,0.368054,,1.335,1.43364,8.1
Kepler-43b,0.0449294,3.024095,0,3.23143,1.2,1.32,1.42,5.5
Kepler-76b,0.0271768,1.545,0,1.96,,1.12,1.12,
Kepler-222c,0.0913762,10.08881,,0.0710944,0.413953,,0.869,
KELT-6b,0.0794132,7.8457,0.22,0.43122,1.193,1.085,1.58,
WASP-13b,0.0537034,4.3530135,0,0.473883,1.407,1.09,1.574,5.26
HAT-P-18b,0.0559503,5.508023,0.084,0.197205,0.995,0.77,0.749,0.5
Kepler-357b,0.0679912,6.475434,,0.0135483,0.164154,,0.834,
Kepler-406c,0.0555527,4.62332,0,0.00857506,0.0758319,1.07,1.07,
WASP-43b,0.0142363,0.813475,0,1.77609,0.93,0.58,0.598,4
Kepler-215b,0.086925,9.360672,,0.0120479,0.144527,,1.027,
Kepler-294b,0.0468277,3.701212,,0.0130508,0.157909,,0.976,
WASP-88b,0.0643804,4.954,0,0.563545,1.7,1.45,2.08,8.4
Kepler-29b,0.0928723,10.3376,0,0.0397121,0.320884,1,0.96,4
Kepler-24b,0.0800144,8.14561,0,0.0185071,0.213923,1.03,1.07,
Kepler-306b,0.0544926,4.646186,,0.0123086,0.135605,,0.719,
Kepler-83b,0.0778725,9.77,,0.0240196,0.252,0.66,0.61,
CoRoT-3b,0.0573788,4.2568,0,21.8549,1.01,1.37,1.56,17
HAT-P-38b,0.0522992,4.640382,0.067,0.267569,0.825,0.886,0.923,
Kepler-380b,0.0487448,3.930821,,0.00538981,0.106165,,1.224,
Kepler-228b,0.0366865,2.566546,,0.0125754,0.136497,,1.014,
Kepler-97b,0.036125,2.58664,0,0.0106941,0.132037,0.94,0.98,0.5
WASP-96b,0.0453489,3.4252602,0,0.48,1.2,1.06,1.05,1.5
Kepler-182b,0.0897811,9.825792,,0.0206381,0.230172,,1.146,
Kepler-253b,0.0475233,3.783986,,0.0121124,0.145419,,0.786,
Kepler-259b,0.0790333,8.115317,,0.0236491,0.249799,,0.898,
CoRoT-18b,0.0295483,1.9000693,0.04,3.48652,1.31,0.95,1,8
Kepler-203d,0.0987232,11.32972,,0.0102988,0.128468,,1.114,
Kepler-224b,0.0419025,3.132924,,0.00915403,0.124008,,0.676,
Kepler-205b,0.038467,2.75564,,0.0120453,0.134713,,0.546,
GJ1214b,0.0143253,1.58040482,0,0.0203507,0.2389,0.157,0.211,2
Kepler-135c,0.0994132,11.448708,,0.00493175,0.103488,,1.275,
HAT-P-25b,0.0465813,3.652836,0.032,0.567181,1.19,1.01,0.959,0.5
Kepler-341c,0.0783507,8.01041,,0.012573,0.151664,,1.024,
Kepler-326d,0.0700163,6.766888,,0.0057099,0.107949,,0.801,
Kepler-306c,0.0732442,7.240193,,0.0179955,0.209653,,0.719,
Kepler-80b,0.0645109,7.053,,0.0222358,0.241,0.72,0.65,
Kepler-272d,0.0964303,10.937304,,0.0169862,0.200732,,0.929,
Kepler-44b,0.0454854,3.24674,0,1.02109,1.24,1.19,1.52,4
Kepler-292b,0.0368224,2.580827,,0.00769114,0.117763,,0.826,
Kepler-228d,0.0973508,11.094286,,0.0531048,0.360425,,1.014,
Kepler-140b,0.0429776,3.25427,,0.0119837,0.143635,,1.288,
HD76700b,0.0511051,3.97097,0.095,0.232142,,1.129,1.2353,1.34707
Kepler-366b,0.043221,3.281959,,0.0107805,0.130252,,1.048,
HD149026b,0.0431325,2.8758911,0,0.361471,0.654,1.294,1.368,6
Kepler-186b,0.0378277,3.8867907,0.04,0.00370062,0.0953739,0.478,0.472,
Qatar-2b,0.0215077,1.3371182,0,2.48409,1.144,0.74,0.713,2.8
Kepler-166b,0.0759843,7.650254,,0.0171819,0.202516,,0.742,
HAT-P-49b,0.0437742,2.691548,0,1.72959,1.413,1.543,1.833,16
Kepler-150c,0.0741975,7.381998,,0.0422294,0.3292,,0.939,
HAT-P-7b,0.037964,2.204737,0,1.7916,1.363,1.5,1.981,3.8
Kepler-316c,0.0704356,6.827766,,0.00493175,0.103488,,0.52,
HD49674b,0.0571073,4.94737,0.087,0.101571,,1.015,0.889525,0.417621
WASP-38b,0.0758454,6.87188,0.028,2.70901,1.09,1.23,1.35,7.5
WASP-69b,0.0452527,3.8681382,0,0.259543,1.057,0.826,0.813,2.2
HD77338b,0.0612143,5.7361,0.09,0.0498139,,0.93,0.88,2.33
Kepler-444c,0.0489676,4.5458841,0.31,0.000273258,0.0453,0.758,0.752,
WASP-6b,0.0428704,3.361006,0.054,0.52136,1.224,0.93,0.87,1.4
Kepler-169c,0.066017,6.195469,,0.0057099,0.107949,,0.763,
Kepler-352b,0.0911742,10.05537,,0.00170474,0.0767241,,0.781,
Kepler-329b,0.0744278,7.416397,,0.00937625,0.1249,,0.523,
Kepler-179b,0.0382833,2.735926,,0.0121773,0.146311,,0.759,
Kepler-176b,0.0604835,5.433074,,0.0100631,0.127576,,0.891,
Kepler-339b,0.0570545,4.977656,,0.00983076,0.126684,,0.802,
WASP-99b,0.0716458,5.75251,0,2.78,1.1,1.48,1.76,6.8
HAT-P-5b,0.0407152,2.788491,0,1.05561,1.254,1.157,1.165,0
Kepler-125b,0.0506571,4.164389,,0.0182069,0.211437,,0.512,
Kepler-193b,0.0990643,11.38848,,0.0184218,0.213222,,1.147,
Kepler-119c,0.050338,4.125103,,0.00216566,0.0820769,,0.839,
WASP-33b,0.0255483,1.21986983,0,0,1.497,1.495,1.444,90
TrES-1b,0.0392516,3.030065,0,0.752484,1.067,0.878,0.807,10.3528
Kepler-120b,0.0668458,6.312501,,0.0160511,0.19181,,0.534,
Kepler-286d,0.0640044,5.914323,,0.00789025,0.118655,,0.863,
WASP-62b,0.0567187,4.411953,0,0.56227,1.39,1.25,1.28,8.7
Kepler-25b,0.0702822,6.2385,0,0.0223552,0.24177,1.19,1.31,9.5
Kepler-167c,0.0743589,7.406097,,0.00871939,0.122223,,0.696,
Kepler-291b,0.0455136,3.546511,,0.0161415,0.192702,,1.016,
WASP-11b,0.0436466,3.722465,0,0.539755,0.91,0.8,0.74,0.5
HD63454b,0.0362523,2.818049,0,0.384566,,0.8,1.15809,
Kepler-62c,0.0928559,12.4417,0.186815,0,0.0481326,0.69,0.64,0.4
Kepler-227b,0.0877115,9.488015,,0.0288426,0.277456,,1.091,
Kepler-275b,0.0926511,10.300682,,0.0178911,0.208761,,1.383,
CoRoT-14b,0.0269122,1.51214,0,7.69464,1.09,1.13,1.21,9
Kepler-80d,0.0413591,3.072186,,0.0128437,0.155232,,0.637,
Kepler-155b,0.0641261,5.931194,,0.0155228,0.186457,,0.62,
CoRoT-4b,0.0903166,9.20205,0,0.717419,1.19,1.16,1.17,6.4
HAT-P-19b,0.0466409,4.008778,0.067,0.292273,1.132,0.842,0.82,0.7
GJ163b,0.0606753,8.631,0.11,0.033876,,0.4,,
Kepler-116b,0.0643964,5.968734,,0.0353405,0.305112,,1.454,
Kepler-107c,0.0564705,4.901425,,0.0133325,0.161477,,1.411,
Kepler-109b,0.0689299,6.48163,0,0.0182069,0.211437,1.04,1.32,1
Kepler-170b,0.0778294,7.930592,,0.0305853,0.285485,,1.035,
XO-2b,0.0368367,2.615838,0,0.56654,0.983,0.974,0.971,1.4
Kepler-393b,0.0858179,9.182417,,0.00711292,0.115086,,1.382,
HD118203b,0.0702997,6.1335,0.309,2.13623,,1.23,2.14975,4.7
Kepler-106b,0.0657994,6.16486,0,0.00144019,0.073149,1,1.04,0.3
WASP-63b,0.0574592,4.37808,0,0.378096,1.43,1.32,1.88,2.8
Kepler-273b,0.0401325,2.936532,,0.0117855,0.133821,,0.815,
Kepler-323c,0.0455761,3.553822,,0.0121124,0.145419,,1.178,
Kepler-84d,0.0511438,4.224537,,0.00893492,0.123115,,1.169,
Kepler-267c,0.0707769,6.87745,,0.0158724,0.190026,,0.555,
HAT-P-16b,0.0413275,2.77596,0.036,4.2025,1.289,1.218,1.237,3.5
TrES-4b,0.0509243,3.553945,0,0.925,1.783,1.394,1.816,9.5
Kepler-184b,0.0949568,10.687576,,0.0181008,0.210545,,0.873,
Kepler-60b,0.0750769,7.1316185,,0.0172607,0.203227,1.11,1.5,
Kepler-350b,0.0979073,11.189562,,0.0136211,0.165046,,1.534,
Kepler-382b,0.0592083,5.262155,,0.00769114,0.117763,,0.945,
KIC11442793b,0.0761616,7.008151,,0.00752338,0.117,1.2,1.2,4.6
Kepler-446d,0.0352283,5.148921,0,0.00890695,0.123,0.22,0.24,
Kepler-4b,0.0455763,3.21346,0,0.0772279,0.357,1.223,1.487,2.1
HD97658b,0.0796373,9.4909,0.064,0.024739,0.208761,0.748,0.703,0.5
Kepler-261b,0.0931334,10.381227,,0.0163243,0.194487,,0.794,
Kepler-57b,0.0588891,5.7293196,,0.0163986,0.195205,0.83,0.73,
Kepler-323b,0.0276391,1.678327,,0.0100631,0.127576,,1.178,
Kepler-426b,0.0413383,3.21751883,0,1,1.09,0.91,0.92,3
WASP-20b,0.0599991,4.8996285,0,0.311,1.462,1.2,1.392,4.71
Kepler-80c,0.0788018,9.522,,0.022,0.254,0.72,0.65,
Kepler-179c,0.067463,6.40013,,0.0147725,0.178428,,0.759,
CoRoT-27b,0.0466557,3.57532,0,10.3882,1.007,1.05,1.08,4
Kepler-360c,0.0728812,7.186434,,0.0156092,0.187349,,1.058,
Kepler-381b,0.0619291,5.629021,,0.0028129,0.0883219,,1.568,
WASP-49b,0.0378972,2.7817387,0,0.378231,1.115,0.938,0.976,0.9
Kepler-288b,0.065318,6.097326,,0.0123736,0.148987,,1.091,
HD2638b,0.0435743,3.4442,0,0.477325,,0.93,1.1428,
Kepler-272b,0.0404491,2.971353,,0.0100631,0.127576,,0.929,
Kepler-231b,0.0912341,10.065275,,0.0127755,0.15434,,0.49,
Kepler-373b,0.0612399,5.535309,,0.00850717,0.121331,,0.845,
Kepler-445c,0.0317534,4.871229,0,0.020474,0.229,0.18,0.21,
Kepler-21b,0.0427173,2.785755,0,0.0121473,0.1459,1.34,1.86,7.75
Kepler-363b,0.046094,3.614568,,0.00493175,0.103488,,1.485,
Kepler-390b,0.0698175,6.738088,,0.00144064,0.0731555,,0.776,
HD47186b,0.0498411,4.0845,0.038,0.071203,,0.99,1.13117,2.2
Kepler-226b,0.0488289,3.940997,,0.011604,0.138282,,0.802,
KELT-3b,0.0412729,2.70339,0,1.46164,1.358,1.282,1.482,
Kepler-226c,0.0598621,5.349555,,0.0171819,0.202516,,0.802,
HAT-P-46b,0.0576688,4.463129,0.123,0.493,1.284,1.284,1.396,4.9
Kepler-311b,0.0857785,9.176092,,0.012573,0.151664,,1.188,
Kepler-228c,0.050414,4.134444,,0.0222169,0.240878,,1.014,
Kepler-23c,0.0986522,10.7421,0,0.0305282,0.28523,1.11,1.52,
Kepler-42b,0.0112809,1.2137672,,0.0012042,0.0695249,0.13,0.17,1.65
Kepler-296c,0.063479,5.841648,,0.0160511,0.19181,,0.557,
Kepler-356b,0.0542304,4.612696,,0.0117295,0.140066,,1.335,
HAT-P-13b,0.0426946,2.91625,0.0133,0.85708,1.281,1.22,1.56,2.9
Kepler-244b,0.0518456,4.311792,,0.0230631,0.246231,,0.803,
GJ3634b,0.0286881,2.64561,0.08,0.0221881,,0.45,0.43,0
HD130322b,0.0896052,10.7085,0.011,1.04309,,0.836,0.986573,1.6057
Kepler-124b,0.0443423,3.410493,,0.000957504,0.0651262,,0.636,
Kepler-111b,0.043745,3.341815,,0.0117926,0.140958,,1.157,
Kepler-235b,0.0437311,3.340222,,0.0167934,0.198947,,0.554,
HD46375b,0.0399038,3.023573,0.063,0.227201,,0.927,0.863012,0.864455
Kepler-48c,0.0851485,9.67395,,0.045968,0.24177,0.88,0.89,0.5
Kepler-114b,0.0586548,5.188549,,0.00656354,0.11241,,0.667,
Kepler-14b,0.0806879,6.790123,0.0350051,8.40643,1.136,1.512,2.048,7.9
Kepler-234c,0.0730543,7.21205,,0.0375018,0.313141,,1.113,
CoRoT-13b,0.051069,4.03519,0,1.31099,0.885,1.09,1.01,4
HAT-P-34b,0.0677467,5.452654,0.441,3.334,1.197,1.392,1.197,24
Kepler-431b,0.0718902,6.803,,0.00120877,0.0696,1.071,1.092,
HD1461b,0.0635202,5.7727,0.14,0.0240044,,1.026,1.12553,1.6
HAT-P-30b,0.0419042,2.810595,0.035,0.711088,1.34,1.242,1.215,2.2
Kepler-234b,0.0380552,2.711506,,0.0425085,0.330092,,1.113,
Kepler-392c,0.0933838,10.423118,,0.00409374,0.0981354,,1.129,
HAT-P-28b,0.0433674,3.257215,0.051,0.627833,1.212,1.025,1.103,0.2
HD102956b,0.0810025,6.4948,0.048,0.951497,,1.68,3.42909,0.3
WTS-2b,0.0185537,1.0187074,0,1.12,1.3,0.82,0.761,2.2
GJ176b,0.0656822,8.7832,0,0.0259969,,0.49,,0
WASP-58b,0.0562022,5.01718,0,0.891379,1.37,0.94,1.17,2.8
Kepler-244c,0.0894244,9.767292,,0.0151834,0.182889,,0.803,
Kepler-354b,0.0608066,5.47666,,0.0135483,0.164154,,0.674,
HD162020b,0.0756944,8.428198,0.277,15.2138,,0.8,0.526361,2.31757
Kepler-183b,0.0623606,5.687945,,0.0152673,0.183781,,0.958,
Kepler-210c,0.0781034,7.972513,,0.0403249,0.322955,,0.65,
HD168746b,0.0655505,6.404,0.107,0.245103,,0.916,0.888361,0
Kepler-20c,0.0930411,10.854092,0,0.0495058,0.273643,0.912,0.944,
Kepler-296b,0.0461525,3.621457,,0.00233796,0.0838612,,0.557,
Kepler-402b,0.0495511,4.028751,,0.00587447,0.108841,,1.264,
Kepler-260b,0.0795006,8.187399,,0.0148535,0.17932,,0.862,
Kepler-255c,0.0905121,9.946047,,0.0266892,0.26675,,0.933,
HD215497b,0.0465952,3.93404,0.16,0.020855,,0.872,1.10659,1.67
HATS-5b,0.0542014,4.763387,0.019,0.237663,0.912,0.936,0.871,0.8
Kepler-60c,0.0871504,8.9193459,,0.0192896,0.220162,1.11,1.5,
HD217107b,0.0750282,7.1268163,0.126686,1.40112,,1.108,1.5,0
Kepler-431c,0.0847193,8.703,,0.00075757,0.0609,1.071,1.092,
GJ433b,0.0580371,7.3709,0.08,0.0181986,,0.48,,
HAT-P-31b,0.0611921,5.005425,0.245,2.16904,1.07,1.218,1.36,0.5
OGLE-TR-113b,0.0228946,1.4324757,0,1.26,1.093,0.779,0.774,0
Kepler-41b,0.0289537,1.855558,0,0.493545,0.841,0.94,0.966,4.5
Kepler-270b,0.0995717,11.476094,,0.0148535,0.17932,,1.461,
HD285507b,0.0588842,6.0881,0.086,0.917,,0.734,0.656,3.2
Kepler-85b,0.0780663,8.306,,0.0145548,0.176,0.92,1.24,
Kepler-172b,0.0401669,2.940309,,0.0179955,0.209653,,1.085,
Kepler-360b,0.0432887,3.289672,,0.0122424,0.147203,,1.058,
Kepler-246b,0.0541452,4.60182,,0.0178911,0.208761,,0.831,
Kepler-217c,0.0820605,8.586004,,0.0136211,0.165046,,1.799,
Kepler-299c,0.0708347,6.885875,,0.0215411,0.236417,,1.032,
Kepler-112b,0.080928,8.408878,,0.0181008,0.210545,,0.841,
Kepler-271c,0.0743912,7.410935,,0.00291583,0.089214,,0.88,
WASP-77Ab,0.0240531,1.3600309,0,1.75921,1.21,1.002,0.955,4
Kepler-164c,0.0964797,10.945723,,0.022635,0.243554,,1.148,
55Cnce,0.0154393,0.736546,0,0.0263671,0.185565,0.905,0.943,2.46053
KOI-13b,0.0342279,1.76358799,0,6.515,1.406,1.72,1.71,
Kepler-312b,0.0286627,1.772419,,0.00711292,0.115086,,1.467,
Kepler-164b,0.0574921,5.03503,,0.00960182,0.125792,,1.148,
Kepler-341b,0.0587074,5.195528,,0.00523423,0.105273,,1.024,
WASP-8b,0.080153,8.158715,0.31,2.13797,1.038,1.03,0.945,1.59
Kepler-210b,0.0355986,2.453234,,0.0258466,0.262289,,0.65,
Kepler-40b,0.0806644,6.87349,0,2.17684,1.17,1.48,2.13,9
Kepler-171c,0.0994986,11.463462,,0.020389,0.228388,,0.839,
Kepler-133b,0.0791285,8.129976,,0.0129814,0.157017,,1.425,
HAT-P-39b,0.0509456,3.54387,0,0.599196,1.571,1.404,1.625,12.7
WASP-26b,0.0399686,2.7566,0,1.01746,1.32,1.12,1.34,2.4
WASP-71b,0.0463361,2.9036747,0,1,1.5,1.572,2.32,9.4
GJ876d,0.0208066,1.93778,0.207,0.0184193,,0.32,,0
OGLE-TR-56b,0.0238308,1.211909,0,1.39,1.363,1.228,1.363,0
Kepler-235c,0.0771364,7.824904,,0.00692663,0.114194,,0.554,
Kepler-156b,0.0570224,4.973456,,0.0174811,0.205192,,0.807,
Kepler-144b,0.0637947,5.885273,,0.00789025,0.118655,,1.235,
Kepler-208d,0.09757,11.131786,,0.00554835,0.107057,,1.314,
Kepler-387b,0.0701869,6.791636,,0.00324127,0.0918904,,1.046,
HAT-P-9b,0.0528645,3.92289,0,0.776601,1.4,1.28,1.32,11.9
Kepler-19b,0.0845828,9.2869944,0,0.0165942,0.197074,0.936,0.85,0
Kepler-130b,0.0812393,8.457458,,0.00313003,0.0909983,,1.127,
Kepler-207c,0.0413536,3.071571,,0.0117855,0.133821,,1.588,
Kepler-326b,0.0335877,2.248329,,0.0123086,0.135605,,0.801,
Kepler-200c,0.0921796,10.222157,,0.011856,0.14185,,0.944,
Kepler-280c,0.0557436,4.807091,,0.0148535,0.17932,,0.886,
51Pegb,0.0521068,4.230785,0.013,0.461143,,1.054,1.02451,2.57216
WASP-60b,0.0531121,4.3050011,0,0.512143,0.86,1.078,1.14,3.4
Kepler-99b,0.0500668,4.60358,0,0.01935,0.132037,0.79,0.73,0.5
Kepler-125c,0.0629914,5.774464,,0.00100422,0.0660184,,0.512,
Kepler-319c,0.0712147,6.941357,,0.0212781,0.234633,,0.903,
HD212301b,0.034116,2.245715,0,0.39615,,1.05,,
HAT-P-15b,0.0964692,10.863502,0.19,1.95154,1.072,1.013,1.08,2
HD209458b,0.047235,3.52474859,0,0.689646,1.359,1.131,1.155,4.49008
HD181433b,0.0800943,9.3743,0.396,0.0237331,,0.78,1.00831,1.5
HD187123b,0.042091,3.0965828,0.0102736,0.510056,,1.037,1.14277,2.14847
WASP-61b,0.0514489,3.8559,0,2.05491,1.24,1.22,1.36,10.3
Kepler-58b,0.0905953,10.2184954,,0.0233176,0.247794,0.95,1.03,
Kepler-376b,0.0566146,4.920199,,0.00371234,0.095459,,1.175,
Kepler-225b,0.0698236,6.738975,,0.00554835,0.107057,,0.48,
CoRoT-17b,0.0480499,3.7681,0,2.46001,1.02,1.04,1.5121,4.5
Kepler-444d,0.0601536,6.189392,0.18,0.000340205,0.0483,0.758,0.752,
Kepler-444e,0.0698427,7.743493,0.1,0.000377818,0.0498,0.758,0.752,
GJ581c,0.0729238,12.9182,0.07,0.0167756,,0.31,0.299,
HD10180c,0.0641175,5.75962,0.077,0.0415054,,1.06,1.10851,1.5
WASP-31b,0.0466223,3.405909,0,0.479329,1.537,1.165,1.252,7.6
Kepler-102d,0.0860714,10.3117,0,0.00574989,0.105263,0.8,0.74,0.5
HD40307b,0.0468927,4.3115,0,0.0129071,,0.74,0.839223,
WASP-101b,0.0505526,3.585722,0,0.5,1.41,1.34,1.29,12.4
Kepler-132b,0.0658943,6.178196,,0.0057099,0.107949,,1.178,
Kepler-256d,0.0634611,5.839172,,0.0194307,0.221251,,1.301,
Kepler-187b,0.0567577,4.938864,,0.00960182,0.125792,,1.287,
Kepler-374d,0.0574402,5.028219,,0.00749504,0.11687,,0.911,
HD83443b,0.0404623,2.985698,0.013,0.395855,,0.991,0.942509,1.27539
WASP-36b,0.0262601,1.5373653,0,2.26929,1.269,1.02,0.943,3.2
Kepler-213c,0.0558662,4.822962,,0.0178911,0.208761,,1.195,
HAT-P-6b,0.0523738,3.852985,0,1.05957,1.33,1.29,1.46,8.7
Kepler-398c,0.0992436,11.419412,,0.00302153,0.0901062,,0.613,
Kepler-211b,0.0504476,4.138575,,0.00656354,0.11241,,0.816,
Kepler-242b,0.0796077,8.20395,,0.0210192,0.232849,,0.85,
Kepler-138b,0.0927211,10.312364,,0.000512832,0.0544206,,0.528,
Kepler-389b,0.0428881,3.244107,,0.0120453,0.134713,,0.792,
Qatar-1b,0.0234308,1.420033,0,1.08979,1.164,0.85,0.823,2.1
Kepler-194b,0.032015,2.092281,,0.0120453,0.134713,,1.025,
Kepler-221d,0.0910907,10.04156,,0.022635,0.243554,,0.821,
Kepler-32e,0.0323795,2.896,,0.0117511,0.133702,0.54,0.53,
muArad,0.0927843,9.6386,0.172,0.0345873,,1.147,1.25035,3.11733
Kepler-251b,0.0556186,4.790936,,0.00789025,0.118655,,0.89,
Kepler-292c,0.0469467,3.715335,,0.0110268,0.131145,,0.826,
Kepler-324b,0.0524333,4.385315,,0.00464108,0.101704,,0.84,
Kepler-250c,0.0726807,7.156804,,0.0172808,0.203408,,0.805,
Kepler-309b,0.0640717,5.923653,,0.0116666,0.139174,,0.721,
Kepler-336c,0.0884004,9.600001,,0.0156092,0.187349,,1.304,
Kepler-365b,0.0948224,10.664903,,0.0151,0.181997,,1.048,
Kepler-12b,0.0556348,4.4379637,0,0.431956,1.695,1.166,1.483,0.8
KIC11442793c,0.088103,8.719375,,0.0053608,0.106,1.2,1.2,4.6
HAT-P-36b,0.0238229,1.327347,0.063,1.83923,1.264,1.022,1.096,3.58
WASP-35b,0.0431283,3.161575,0,0.717098,1.32,1.07,1.09,2.4
Kepler-132c,0.0675669,6.414914,,0.00692663,0.114194,,1.178,
WTS-1b,0.0466301,3.352059,0.05,3.99885,1.49,1.2,1.15,7
Kepler-322b,0.0273702,1.653888,,0.00302153,0.0901062,,0.89,
Kepler-252b,0.0693352,6.668391,,0.00604207,0.109733,,0.549,
XO-1b,0.049283,3.941534,0,0.918464,1.206,1.027,0.934,1.11
Kepler-63b,0.0869107,9.4341505,,0.125283,0.545,0.984,0.901,5.6
Kepler-245b,0.0749207,7.49019,,0.0205131,0.22928,,0.795,
GJ15Ab,0.0716678,11.4433,0,0.0168,,0.375,0.3863,1.45
Kepler-82e,0.063917,5.902206,,0.019315,0.220359,,0.945,
Kepler-217b,0.0600513,5.374943,,0.0167934,0.198947,,1.799,
Kepler-169d,0.0805377,8.348125,,0.00638668,0.111518,,0.763,
Kepler-254b,0.0633704,5.826662,,0.0475314,0.345258,,0.91,
Kepler-380c,0.0758501,7.630004,,0.00674351,0.113302,,1.224,
Kepler-74b,0.0827067,7.340718,0.287,0.66711,1.32,1.4,1.51,5
M67YBP1514b,0.057344,5.118,0.39,0.397418,,0.96,0.86358,
WASP-55b,0.0532575,4.465633,0,0.571173,1.3,1.01,1.06,3.1
Kepler-280b,0.0324953,2.139542,,0.010538,0.12936,,0.886,
OGLE-TR-111b,0.0468733,4.0144479,0,0.55,1.051,0.852,0.831,0
Kepler-185b,0.0271381,1.6329,,0.00508144,0.10438,,0.806,
WASP-3b,0.0314948,1.846834,0,2.01184,1.29,1.22,1.31,14.1
TrES-5b,0.0245157,1.4822446,0,1.7781,1.209,0.893,0.866,3.8
Kepler-200b,0.0821165,8.594805,,0.0158724,0.190026,,0.944,
Kepler-18b,0.0447299,3.504725,0,0.022,0.17843,0.972,1.108,0.4
HAT-P-23b,0.0231971,1.212884,0.106,2.09606,1.368,1.13,1.203,8.1
Kepler-246c,0.0978933,11.187161,,0.0117855,0.133821,,0.831,
Kepler-240b,0.0504957,4.144495,,0.00871939,0.122223,,0.739,
Kepler-206b,0.0768541,7.781987,,0.00554835,0.107057,,1.185,
Kepler-68c,0.0907017,9.605085,0,0.015142,0.0849452,1.079,1.243,0.5
Kepler-300b,0.0935225,10.446347,,0.0123736,0.148987,,0.9,
Kepler-42d,0.0150222,1.865169,,0.000404706,0.0508067,0.13,0.17,1.65
Kepler-134b,0.0596222,5.317429,,0.0147725,0.178428,,1.176,
Kepler-369b,0.0382537,2.732756,,0.00450004,0.100812,,0.471,
Kepler-119b,0.0352966,2.422082,,0.0397965,0.321171,,0.839,
WASP-64b,0.0265195,1.5732918,0,1.27137,1.271,1.004,1.058,3.4
Kepler-190b,0.0312733,2.019999,,0.0116666,0.139174,,0.795,
upsilonAndb,0.0593858,4.6171363,0.013,0.669277,,1.31,1.383,9.62362
Kepler-237b,0.0550302,4.715106,,0.00960182,0.125792,,0.725,
HD86081b,0.0346186,2.1375,0.008,1.49595,,1.21,1.18909,4.2
WASP-68b,0.0621834,5.084298,0,0.957019,1.24,1.24,1.69,2.3
Kepler-348b,0.0720019,7.05677,,0.0123086,0.135605,,1.359,
Kepler-445d,0.044761,8.15275,0,0.00688654,0.114,0.18,0.21,
CoRoT-23b,0.0483417,3.6313,0.16,3.0853,1.05,1.14,1.61,9
WASP-39b,0.0485835,4.055259,0,0.284338,1.27,0.93,0.895,1.4
Kepler-219b,0.0540172,4.585512,,0.0260126,0.263181,,1.491,
Kepler-385b,0.0911035,10.043686,,0.022635,0.243554,,1.126,
Kepler-374b,0.0299991,1.897806,,0.00324127,0.0918904,,0.911,
Kepler-255b,0.0625553,5.714606,,0.011604,0.138282,,0.933,
Kepler-197b,0.061711,5.599308,,0.00313003,0.0909983,,1.12,
Kepler-232b,0.0527986,4.431222,,0.0282863,0.274779,,0.968,
Kepler-345c,0.0870905,9.387427,,0.00554835,0.107057,,0.623,
WASP-80b,0.0344696,3.0678504,0,0.551763,0.952,0.58,0.571,3.55
HD69830b,0.0781916,8.6669998,0.1,0.0316488,,0.849,0.921634,0.275
Kepler-8b,0.0483278,3.52254,0,0.585742,1.419,1.213,1.486,10.5
Kepler-353c,0.0809409,8.410894,,0.00893492,0.123115,,0.504,
Kepler-237c,0.0789575,8.103636,,0.015437,0.185565,,0.725,
HAT-P-14b,0.0606258,4.627669,0.107,2.23603,1.15,1.386,1.468,8.4
Kepler-317c,0.0832604,8.77501,,0.0127076,0.153448,,0.941,
Kepler-148c,0.050784,4.180043,,0.0397965,0.321171,,0.851,
Kepler-49d,0.0367817,2.576549,,0.0119197,0.142742,,0.559,
Kepler-169b,0.0429455,3.250619,,0.00450004,0.100812,,0.763,
WASP-66b,0.0546221,4.086052,0,2.31346,1.39,1.3,1.75,13.4
HD73256b,0.0371348,2.5485799,0.029,1.86902,,1.05,1.21851,
Kepler-303c,0.0720317,7.061149,,0.00464108,0.101704,,0.485,
Kepler-168b,0.0527522,4.425391,,0.0107805,0.130252,,1.107,
Kepler-238b,0.0320006,2.090876,,0.0127755,0.15434,,1.43,
Kepler-150b,0.0444944,3.428054,,0.00638668,0.111518,,0.939,
Kepler-353b,0.0631426,5.795278,,0.00192504,0.0794005,,0.504,
HIP57274b,0.0712798,8.1352,0.187,0.0365708,,0.73,0.68,0.5
Kepler-93b,0.0534149,4.72674,0,0.00814901,0.134,0.91,0.92,0.5
WASP-94Ab,0.0532427,3.9501907,0,0.41865,1.72,1.29,1.36,4.2
Kepler-236b,0.0801996,8.295611,,0.0117295,0.140066,,0.51,
WASP-5b,0.0271923,1.6284229,0,1.62423,1.14,1.01,1.026,3.4
Kepler-78b,0.0091466,0.35500744,,0.00585,0.103396,0.81,0.74,2.4
Kepler-55f,0.0920376,10.198545,,0.011856,0.14185,,0.619,
Kepler-314c,0.0643363,5.960392,,0.025195,0.258721,,0.95,
CoRoT-2b,0.0280884,1.7429935,0.0143,3.27527,1.466,0.97,0.902,11.85
Kepler-187c,0.0946763,10.640263,,0.0218083,0.238201,,1.287,
Kepler-257c,0.0687315,6.581484,,0.0975428,0.482648,,1.037,
Kepler-402e,0.098218,11.242861,,0.0107805,0.130252,,1.264,
HAT-P-20b,0.03616,2.875317,0.015,7.28953,0.867,0.756,0.694,2.1
HD7924b,0.0566409,5.3978,0.17,0.0291185,,0.832,0.763424,1.35
CoRoT-5b,0.0496334,4.0378962,0.09,0.462537,1.388,1,1.186,1
WASP-47b,0.0520112,4.1591399,0,1.13646,1.15,1.084,1.15,3
Kepler-161b,0.0566234,4.921355,,0.0157841,0.189134,,0.806,
HAT-P-35b,0.0497734,3.646706,0.025,1.05422,1.332,1.236,1.435,0.5
Kepler-253c,0.0925387,10.281951,,0.0215411,0.236417,,0.786,
Kepler-5b,0.0506416,3.54846,0,2.11663,1.431,1.374,1.793,4.8
Kepler-161c,0.0720527,7.06424,,0.0151834,0.182889,,0.806,
Kepler-331b,0.0812396,8.457496,,0.013404,0.16237,,0.492,
Kepler-28c,0.0768547,8.98597,0,0.0348081,0.303057,0.75,0.7,
Kepler-121b,0.0422983,3.177422,,0.0178911,0.208761,,0.701,
Kepler-412b,0.0295963,1.720861232,0.0038,0.940391,1.325,1.167,1.287,5
Kepler-122b,0.0629312,5.766193,,0.0178911,0.208761,,1.216,
WASP-12b,0.0225329,1.09142245,0.049,1.36063,1.79,1.28,1.63,2.2
Kepler-148b,0.0281967,1.729366,,0.0132614,0.160585,,0.851,
Kepler-285b,0.0373252,2.633867,,0.00809262,0.119547,,0.808,
HD88133b,0.0469104,3.41587,0.133,0.296108,,1.18,1.94267,2.2
HATS-3b,0.0485119,3.547851,0,1.0735,1.381,1.209,1.404,9.12
Kepler-101b,0.0450089,3.487691,,0.115399,0.523686,,1.666,
Kepler-362b,0.0928099,10.327186,,0.0018494,0.0785083,,0.722,
Kepler-301b,0.0361317,2.508553,,0.00829825,0.120439,,0.9,
Kepler-403b,0.0718296,7.031462,,0.00638668,0.111518,,1.329,
Kepler-207d,0.0636703,5.868075,,0.032872,0.295298,,1.588,
Kepler-345b,0.0744222,7.415563,,0.00100422,0.0660184,,0.623,
Kepler-141c,0.0716875,7.010606,,0.00960182,0.125792,,0.787,
WASP-4b,0.0230406,1.3382299,0,1.22311,1.341,0.91,0.914,2.2
Kepler-141b,0.041677,3.107675,,0.000786457,0.0615577,,0.787,
HD330075b,0.0392074,3.38773,0,0.623724,,0.7,1.20726,
Kepler-256e,0.0949212,10.681572,,0.0179955,0.209653,,1.301,
Kepler-189b,0.0932453,10.399931,,0.0057099,0.107949,,0.75,
Kepler-101c,0.0648349,6.029809,,0.00789025,0.118655,,1.666,
Kepler-81c,0.0885967,12.04,,0.0181548,0.211,0.64,0.59,
WASP-94Bb,0.0334746,2.00839,0,0.619839,,1.24,1.35,0
Kepler-208c,0.0747634,7.466623,,0.00915403,0.124008,,1.314,
Kepler-75b,0.0807413,8.884924,0.569,9.98479,1.03,0.88,0.88,3.5
Kepler-326c,0.0539767,4.580358,,0.00937625,0.1249,,0.801,
Kepler-249c,0.0723886,7.113702,,0.0120453,0.134713,,0.482,
Kepler-15b,0.0571382,4.942782,0.133933,0.662431,0.96,1.018,0.992,2
Kepler-317b,0.0611582,5.524242,,0.0155228,0.186457,,0.941,
Kepler-343b,0.0844802,8.96855,,0.0186399,0.215006,,1.433,
CoRoT-16b,0.0617874,5.35227,0.33,0.537982,1.17,1.098,1.19,0.5
Kepler-98b,0.0260305,1.54168,0,0.0111695,0.177536,0.99,1.11,0.5
Kepler-192b,0.090395,9.926746,,0.0227766,0.244446,,1.007,
Kepler-339c,0.0715337,6.988055,,0.00478497,0.102596,,0.802,
WASP-59b,0.0696866,7.919585,0.1,0.859095,0.775,0.719,0.613,2.3
WASP-54b,0.049881,3.6936411,0.067,0.63273,1.653,1.213,1.828,4
HAT-P-8b,0.0449613,3.076337,0,1.29336,1.5,1.28,1.58,11.5
Kepler-446b,0.0159282,1.565409,0,0.0115145,0.137,0.22,0.24,
WASP-15b,0.0499436,3.7521,0,0.542797,1.379,1.18,1.477,4
Kepler-425b,0.0464979,3.79701816,0,1,0.978,0.93,0.86,3
Kepler-445b,0.022904,2.984151,0,0.0120099,0.144,0.18,0.21,
XO-4b,0.05524,4.1250828,0,1.60254,1.33,1.32,,8.9
WASP-48b,0.034488,2.143634,0,0.984236,1.67,1.19,1.75,2.4
Kepler-89b,0.0511881,3.743208,0.25,0.0287348,0.1558,1.277,1.52,7.3
WASP-32b,0.0390315,2.718661,0,3.45362,1.1,1.07,1.09,3.9
Kepler-265b,0.0705628,6.846262,,0.0136944,0.165938,,1.103,
OGLE-TR-211b,0.0512842,3.67724,0,0.757277,1.36,1.33,1.64,0
Kepler-325b,0.0536941,4.544439,,0.0253561,0.259613,,1.003,
Kepler-256b,0.0270005,1.620493,,0.011856,0.14185,,1.301,
Kepler-269c,0.079115,8.127899,,0.0125062,0.150772,,0.959,
Kepler-250b,0.0505253,4.148141,,0.00450004,0.100812,,0.805,
HD179949b,0.0439208,3.092514,0.022,0.902075,,1.181,1.22645,7.02041
WASP-56b,0.056145,4.617101,0,0.605385,1.092,1.107,1.112,1.5
Kepler-18c,0.0752115,7.64159,0.000338541,0.0544,0.489785,0.972,1.108,0.4
Kepler-388b,0.0422619,3.173315,,0.00137963,0.0722634,,0.586,
CoRoT-8b,0.0633825,6.21229,0,0.216078,0.57,0.88,0.77,2
Kepler-291c,0.0624544,5.700786,,0.0138423,0.167722,,1.016,
Kepler-81b,0.0554099,5.955,,0.0187628,0.216,0.64,0.59,
Kepler-32c,0.0676835,8.7522,0,0.0147699,0.1784,0.54,0.53,
Kepler-23b,0.0749015,7.10664,0,0.0139795,0.169356,1.11,1.52,
WASP-23b,0.037022,2.9444256,0,0.872226,0.962,0.78,0.765,2.2
CoRoT-25b,0.0577982,4.86069,0,0.27,1.08,1.09,1.19,4.3
Kepler-332b,0.0758257,7.626324,,0.00508144,0.10438,,0.72,
OGLE-TR-132b,0.0303507,1.689868,0,1.18,1.2,1.305,1.32,0
Pr201b,0.0565986,4.4264,0,0.540155,,1.234,1.12943,9.6
WASP-52b,0.0271336,1.7497798,0,0.457165,1.27,0.87,0.79,2.5
Kepler-337c,0.0889716,9.693201,,0.0151834,0.182889,,1.761,
Kepler-213b,0.0356868,2.46236,,0.0120479,0.144527,,1.195,
Kepler-304b,0.0433417,3.295709,,0.0245625,0.255152,,0.687,
Kepler-77b,0.0450195,3.57878087,0,0.430957,0.96,0.95,0.99,1.5
HD109749b,0.0629198,5.24,0,0.27467,,1.21,1.10733,2.5
Kepler-55d,0.0332158,2.211099,,0.011856,0.14185,,0.619,
Kepler-327b,0.0365246,2.549575,,0.00422638,0.0990276,,0.492,
WASP-50b,0.0294714,1.9550959,0.009,1.47244,1.153,0.892,0.843,2.6
Kepler-105c,0.0724716,7.125939,,0.0119837,0.143635,,1.16,
WASP-98b,0.0356868,2.96264,0,0.83,1.1,0.69,0.7,
GJ3470b,0.0356088,3.336649,0,0.0440093,0.374365,0.541,0.503,
Kepler-273c,0.0783802,8.014927,,0.0146122,0.176644,,0.815,
Kepler-266b,0.0689878,6.61833,,0.0194307,0.221251,,1.028,
Kepler-223b,0.0742116,7.384108,,0.0125062,0.150772,,1.017,
HAT-P-44b,0.0507459,4.301219,0.272,0.352,1.242,0.942,0.949,0.2
WASP-100b,0.0457351,2.849375,0,2.03,1.69,1.57,2,12.8
TrES-2b,0.0355765,2.47063,0,1.20071,1.224,0.983,1.003,2
HD102195b,0.0479747,4.113775,0,0.452799,,0.87,0.937994,2.6
HD75289b,0.047858,3.509267,0.034,0.46004,,1.187,1.23372,4.13632
HD185269b,0.0765701,6.8378503,0.295952,0.954212,,1.28,2.59,6.1
WASP-7b,0.0604573,4.954658,0,0.919279,0.915,1.2,1.236,17
WASP-41b,0.0404959,3.052401,0,0.932493,1.2,0.95,0.9,1.6
BD-103166b,0.0437823,3.48777,0.019,0.429903,,0.92,0.745254,0.921575
Kepler-304c,0.0596111,5.315946,,0.0162325,0.193594,,0.687,
Kepler-303b,0.0304113,1.937055,,0.00192504,0.0794005,,0.485,
WASP-44b,0.0347371,2.4238039,0,0.889836,1.14,0.951,0.927,3.2
Kepler-286c,0.0448402,3.468095,,0.00871939,0.122223,,0.863,
CoRoT-12b,0.0401409,2.828042,0.07,0.91918,1.44,1.078,1.116,1
CoRoT-1b,0.0253191,1.5089557,0,1.02979,1.49,0.95,1.11,5.2
HD125612c,0.0522124,4.15474,0.27499,0.0580667,,1.1,1.0426,2.1
Kepler-267b,0.0438489,3.353728,,0.0146122,0.176644,,0.555,
GJ581b,0.0406125,5.36865,0.031,0.0499019,,0.31,0.299,
Kepler-173b,0.0514597,4.263742,,0.00711292,0.115086,,0.949,
Kepler-446c,0.0247723,3.036179,0,0.00452953,0.101,0.22,0.24,
Kepler-301c,0.0603792,5.419026,,0.00829825,0.120439,,0.9,
HD189733b,0.0309953,2.21857567,0,1.1436,1.138,0.806,0.756,3.5
Kepler-285c,0.0659546,6.186676,,0.00436179,0.0999197,,0.808,
Kepler-286b,0.0289196,1.796302,,0.00621274,0.110625,,0.863,
Kepler-134c,0.0914787,10.105785,,0.00656354,0.11241,,1.176,
Kepler-126b,0.0938169,10.495711,,0.0123086,0.135605,,1.358,
WASP-72b,0.036575,2.216726,0,1.40771,1.01,1.327,1.71,6
Kepler-135b,0.0646392,6.00253,,0.0133325,0.161477,,1.275,
Kepler-9d,0.0266925,1.592851,0,0.0121773,0.146311,1,1.1,
Kepler-49b,0.0598092,7.2037945,,0.0224607,0.242446,0.55,0.53,
WASP-73b,0.0551807,4.08722,0,1.88059,1.16,1.34,2.07,6.1
WASP-67b,0.0517914,4.61442,0,0.41931,1.4,0.87,0.87,2.1
Kepler-32b,0.0520435,5.90124,0,0.0165128,0.1963,0.54,0.53,
CoRoT-26b,0.052477,4.20474,0,0.479479,1.26,1.09,1.79,2
HAT-P-12b,0.0383737,3.2130598,0,0.210804,0.959,0.73,0.701,0.5
Kepler-82d,0.0349155,2.382961,,0.0130508,0.157909,,0.945,
Kepler-355b,0.0969854,11.03189,,0.0107805,0.130252,,1.066,
Kepler-220c,0.0848919,9.034199,,0.0117295,0.140066,,0.666,
Kepler-243b,0.0625614,5.715442,,0.0190864,0.218574,,0.842,
Kepler-220b,0.05062,4.159807,,0.00137963,0.0722634,,0.666,
HATS-2b,0.0229834,1.354133,0,1.34915,1.168,0.882,0.898,1.5
WASP-29b,0.0456587,3.922727,0.03,0.242991,0.792,0.825,0.808,1.5
OGLE-TR-182b,0.0513517,3.9791,0,1.0245,1.13,1.14,1.14,0
Kepler-394b,0.0783155,8.005013,,0.0119197,0.142742,,1.132,
Kepler-218b,0.0461345,3.619337,,0.0112762,0.132037,,1.063,
Kepler-54c,0.0822829,12.0717249,,0.00602351,0.109635,0.51,0.5,
Kepler-33b,0.0677431,5.66793,0,0.0128331,0.155094,1.291,1.82,
Kepler-391b,0.0744302,7.416755,,0.0305853,0.285485,,3.569,
Kepler-55e,0.0542683,4.617534,,0.011604,0.138282,,0.619,
Kepler-444f,0.0813861,9.740486,0.29,0.00108547,0.0675,0.758,0.752,
Kepler-336b,0.0313231,2.024823,,0.00313003,0.0909983,,1.304,
WASP-1b,0.0385203,2.5199449,0,0.918,1.516,1.2,1.517,5.77
XO-5b,0.0508651,4.1877537,0,1.15251,1.03,1,1.05,1.8
HAT-P-3b,0.0388252,2.899703,0,0.595712,0.899,0.928,0.833,0.5
Kepler-252c,0.0959074,10.848463,,0.0160511,0.19181,,0.549,
Kepler-247b,0.0436956,3.33616,,0.0121773,0.146311,,0.768,
Kepler-282b,0.0860552,9.220524,,0.00302153,0.0901062,,0.904,
Kepler-102b,0.0551367,5.28696,0,0,0.041927,0.8,0.74,0.5
